model,p,algo,time,epc
ER,0.0,REGA,7.089809480999975,0.0
ER,0.1,REGA,17.369624954999836,20.05155
ER,0.2,REGA,43.166783101999954,53.5842
ER,0.30000000000000004,REGA,135.99465185000008,133.8507
ER,0.4,REGA,490.45115450599997,307.83825
ER,0.5,REGA,1086.752328393,789.2883
ER,0.6000000000000001,REGA,1672.6395609729998,1619.26875
ER,0.7000000000000001,REGA,1868.5131458719998,2275.0092
ER,0.8,REGA,1881.4558461420002,2694.1266
ER,0.9,REGA,1950.866159534,2770.6014
ER,1.0,REGA,2460.63087474,2859.14835
