model,p,algo,time,epc
BA,0.0,REGA,19.31565420003608,0.0
BA,0.1,REGA,99.12085130001651,9.65025
BA,0.2,REGA,241.6962389999535,21.3741
BA,0.30000000000000004,REGA,510.5304316999973,32.8338
BA,0.4,REGA,703.1827482999652,51.8697
BA,0.5,REGA,983.8652200000361,80.9757
BA,0.6000000000000001,REGA,1321.610705900006,121.04415
BA,0.7000000000000001,REGA,2068.656225700048,182.6892
BA,0.8,REGA,2950.5480937999673,300.6864
BA,0.9,REGA,3268.8098309999914,419.18805
BA,1.0,REGA,5415.453853200015,573.8985
